time_interval,locationID,common_name,species_count,wind_speed_kmh,temp,snow_prob.x,tomst_num,snow_prob.y
2024-07-02T19:00:00Z,ARUQ17,Sandhill Crane,3,13,9,0,15,0
2024-07-02T20:00:00Z,ARUQ17,Cackling Goose,8,16,11.19,0,15,0
2024-07-02T20:00:00Z,ARUQ17,Brant,2,16,11.19,0,15,0
2024-07-03T09:00:00Z,ARUQ17,Savannah Sparrow,1,3,10.62,0,15,0
2024-07-03T09:30:00Z,ARUQ17,Sora,3,3.5,10.56,0,15,0
2024-07-03T09:30:00Z,ARUQ17,Lapland Longspur,3,3.5,10.56,0,15,0
2024-07-03T12:30:00Z,ARUQ17,Sora,1,0,10.88,0,15,0
2024-07-04T00:30:00Z,ARUQ17,Greater White-fronted Goose,2,5.5,10,0,15,0
2024-07-04T08:00:00Z,ARUQ17,Common Eider,1,12,8.62,0,15,0
2024-07-04T19:00:00Z,ARUQ17,Lapland Longspur,3,24,7.75,0,15,0
2024-07-04T19:00:00Z,ARUQ17,Evening Grosbeak,2,24,7.75,0,15,0
2024-07-05T04:00:00Z,ARUQ17,Common Eider,1,3,5.38,0,15,0
2024-07-05T09:00:00Z,ARUQ17,Rock Ptarmigan,1,17,2.75,0,15,0
2024-07-05T11:00:00Z,ARUQ17,Greater White-fronted Goose,5,17,1,0,15,0
2024-07-05T13:00:00Z,ARUQ17,Lapland Longspur,1,12,0.62,0,15,0
2024-07-06T07:30:00Z,ARUQ17,Lapland Longspur,1,16.5,1,0,15,0
2024-07-06T08:00:00Z,ARUQ17,Common Merganser,1,17,1,0,15,0
2024-07-06T08:30:00Z,ARUQ17,American Dipper,1,17,1,0,15,0
2024-07-06T10:00:00Z,ARUQ17,Common Raven,1,17,1.25,0,15,0
2024-07-06T14:00:00Z,ARUQ17,Greater White-fronted Goose,3,21,2.06,0,15,0
2024-07-06T14:00:00Z,ARUQ17,Lapland Longspur,1,21,2.06,0,15,0
2024-07-06T17:00:00Z,ARUQ17,Common Merganser,2,18,5.88,0,15,0
2024-07-06T18:30:00Z,ARUQ17,Common Merganser,4,14,6.6899999999999995,0,15,0
2024-07-06T19:00:00Z,ARUQ17,Sandhill Crane,1,13,7.88,0,15,0
2024-07-08T09:00:00Z,ARUQ17,Lapland Longspur,3,16,-1.62,0,15,0
2024-07-08T10:00:00Z,ARUQ17,Sandhill Crane,1,20,-2,0,15,0
2024-07-08T16:00:00Z,ARUQ17,Red-throated Loon,2,21,6.06,0,15,0
2024-07-09T10:30:00Z,ARUQ17,Red-throated Loon,1,10.5,-2.5,0,15,0
2024-07-09T11:30:00Z,ARUQ17,Common Merganser,1,8.5,-3.06,0,15,0
2024-07-09T14:00:00Z,ARUQ17,Common Merganser,1,9,2.25,0,15,0
2024-07-09T18:00:00Z,ARUQ17,Least Sandpiper,1,18,7.88,0,15,0
2024-07-09T18:30:00Z,ARUQ17,Common Raven,1,19.5,7.94,0,15,0
2024-07-10T12:30:00Z,ARUQ17,Common Merganser,1,24,1.5,0,15,0
2024-07-10T12:30:00Z,ARUQ17,Brant,1,24,1.5,0,15,0
2024-07-10T18:30:00Z,ARUQ17,Common Merganser,1,29,5.38,0,15,0
2024-07-11T10:00:00Z,ARUQ17,American Pipit,1,NA,4,0,15,0
2024-07-11T12:30:00Z,ARUQ17,Brant,1,26.5,5.81,0,15,0
2024-07-11T14:30:00Z,ARUQ17,Lapland Longspur,1,22.75,8.5,0,15,0
2024-07-11T21:30:00Z,ARUQ17,Sandhill Crane,1,5.5,21.38,0,15,0
2024-07-11T22:00:00Z,ARUQ17,Sandhill Crane,1,3,21,0,15,0
2024-07-11T23:00:00Z,ARUQ17,Sandhill Crane,1,7,21.75,0,15,0
2024-07-12T04:30:00Z,ARUQ17,Common Redpoll,2,23,16.310000000000002,0,15,0
2024-07-12T06:00:00Z,ARUQ17,American Golden-Plover,1,26,13.75,0,15,0
2024-07-12T09:00:00Z,ARUQ17,Sandhill Crane,1,3,10.25,0,15,0
2024-07-12T09:30:00Z,ARUQ17,Sandhill Crane,1,4,8.12,0,15,0
2024-07-12T12:30:00Z,ARUQ17,Sandhill Crane,1,17.5,9.75,0,15,0
2024-07-12T13:30:00Z,ARUQ17,Brant,1,24,11.81,0,15,0
2024-07-12T23:00:00Z,ARUQ17,Whimbrel,1,31,13.88,0,15,0
2024-07-13T00:00:00Z,ARUQ17,Red-throated Loon,5,29,14.75,0,15,0
2024-07-13T04:00:00Z,ARUQ17,Common Redpoll,2,30,12.75,0,15,0
2024-07-13T05:00:00Z,ARUQ17,Red-throated Loon,7,23,10.5,0,15,0
2024-07-13T05:00:00Z,ARUQ17,Common Redpoll,2,23,10.5,0,15,0
2024-07-13T06:30:00Z,ARUQ17,Sandhill Crane,10,16.5,10.75,0,15,0
2024-07-13T11:30:00Z,ARUQ17,Sandhill Crane,3,5,5,0,15,0
2024-07-13T12:30:00Z,ARUQ17,Sandhill Crane,1,4,8.69,0,15,0
2024-07-13T14:00:00Z,ARUQ17,Common Redpoll,1,0,15.31,0,15,0
2024-07-13T14:00:00Z,ARUQ17,Brant,1,0,15.31,0,15,0
2024-07-13T15:30:00Z,ARUQ17,Common Redpoll,2,4,19.06,0,15,0
2024-07-13T17:30:00Z,ARUQ17,Lapland Longspur,1,4,20,0,15,0
2024-07-13T18:30:00Z,ARUQ17,Sandhill Crane,1,3.5,20.81,0,15,0
2024-07-13T18:30:00Z,ARUQ17,American Pipit,1,3.5,20.81,0,15,0
2024-07-13T19:30:00Z,ARUQ17,LeConte's Sparrow,1,4,20.62,0,15,0
2024-07-13T20:00:00Z,ARUQ17,Brant,1,5,21.5,0,15,0
2024-07-13T21:30:00Z,ARUQ17,Red-throated Loon,3,6.5,25.88,0,15,0
2024-07-13T22:00:00Z,ARUQ17,Sandhill Crane,1,6,24.12,0,15,0
2024-07-13T23:00:00Z,ARUQ17,Sandhill Crane,3,6,27,0,15,0
2024-07-14T01:00:00Z,ARUQ17,Sandhill Crane,7,12,20.88,0,15,0
2024-07-14T04:30:00Z,ARUQ17,Redhead,1,8,16.62,0,15,0
2024-07-14T06:00:00Z,ARUQ17,Sandhill Crane,1,12,13,0,15,0
2024-07-14T06:00:00Z,ARUQ17,Savannah Sparrow,3,12,13,0,15,0
2024-07-14T06:00:00Z,ARUQ17,Common Redpoll,2,12,13,0,15,0
2024-07-14T06:30:00Z,ARUQ17,Sandhill Crane,3,15,11.56,0,15,0
2024-07-14T06:30:00Z,ARUQ17,American Pipit,2,15,11.56,0,15,0
2024-07-14T07:30:00Z,ARUQ17,Sandhill Crane,2,15.5,8,0,15,0
2024-07-14T08:30:00Z,ARUQ17,Red-throated Loon,1,17,8.25,0,15,0
2024-07-14T10:00:00Z,ARUQ17,Lapland Longspur,1,8,8.12,0,15,0
2024-07-14T15:30:00Z,ARUQ17,Pomarine Jaeger,2,7,17.12,0,15,0
2024-07-14T18:30:00Z,ARUQ17,Common Redpoll,7,8.5,19.38,0,15,0
2024-07-14T18:30:00Z,ARUQ17,Hoary Redpoll,1,8.5,19.38,0,15,0
2024-07-14T19:30:00Z,ARUQ17,Sandhill Crane,6,6,22.25,0,15,0
2024-07-14T20:30:00Z,ARUQ17,LeConte's Sparrow,3,5.5,21.25,0,15,0
2024-07-14T21:30:00Z,ARUQ17,Red-throated Loon,1,8.5,19.75,0,15,0
2024-07-14T23:30:00Z,ARUQ17,Black-bellied Plover,1,5.5,18.06,0,15,0
2024-07-15T00:00:00Z,ARUQ17,Sandhill Crane,3,7,15.5,0,15,0
2024-07-15T01:00:00Z,ARUQ17,Common Redpoll,1,7,14.62,0,15,0
2024-07-15T05:30:00Z,ARUQ17,White-crowned Sparrow,1,16.5,9.62,0,15,0
2024-07-15T07:00:00Z,ARUQ17,Sandhill Crane,1,17,8.56,0,15,0
2024-07-15T09:30:00Z,ARUQ17,American Pipit,2,11,5.75,0,15,0
2024-07-15T11:00:00Z,ARUQ17,Greater Yellowlegs,1,14,5.31,0,15,0
2024-07-15T20:00:00Z,ARUQ17,Sandhill Crane,8,41,10.25,0,15,0
2024-07-15T21:00:00Z,ARUQ17,Red-throated Loon,3,35,11.88,0,15,0
2024-07-15T22:00:00Z,ARUQ17,Sandhill Crane,1,25,14.25,0,15,0
2024-07-16T04:00:00Z,ARUQ17,Red-throated Loon,4,12,9.62,0,15,0
2024-07-16T05:00:00Z,ARUQ17,Sandhill Crane,1,NA,7.88,0,15,0
2024-07-16T05:30:00Z,ARUQ17,Sandhill Crane,1,25.5,7.619999999999999,0,15,0
2024-07-16T07:30:00Z,ARUQ17,Red-throated Loon,5,17.5,5.56,0,15,0
2024-07-16T07:30:00Z,ARUQ17,King Eider,1,17.5,5.56,0,15,0
2024-07-16T08:00:00Z,ARUQ17,Red-throated Loon,11,14,5.75,0,15,0
2024-07-16T08:00:00Z,ARUQ17,King Eider,1,14,5.75,0,15,0
2024-07-16T08:00:00Z,ARUQ17,American Pipit,4,14,5.75,0,15,0
2024-07-16T09:00:00Z,ARUQ17,Red-throated Loon,10,11,5.619999999999999,0,15,0
2024-07-16T09:00:00Z,ARUQ17,King Eider,1,11,5.619999999999999,0,15,0
2024-07-16T09:30:00Z,ARUQ17,Red-throated Loon,4,10,5.619999999999999,0,15,0
2024-07-16T12:00:00Z,ARUQ17,Common Redpoll,1,8,4.619999999999999,0,15,0
2024-07-16T16:00:00Z,ARUQ17,Yellow Rail,2,11,9.38,0,15,0
2024-07-16T17:30:00Z,ARUQ17,Red-throated Loon,5,15.5,9.5,0,15,0
2024-07-16T20:00:00Z,ARUQ17,Common Loon,1,16,11.69,0,15,0
2024-07-17T02:00:00Z,ARUQ17,Mallard,1,18,10.19,0,15,0
2024-07-17T03:30:00Z,ARUQ17,Long-tailed Duck,1,18.5,12.62,0,15,0
2024-07-17T05:30:00Z,ARUQ17,Common Redpoll,3,23,7.38,0,15,0
2024-07-17T10:30:00Z,ARUQ17,Gadwall,1,23,7.75,0,15,0
2024-07-17T10:30:00Z,ARUQ17,Common Redpoll,2,23,7.75,0,15,0
2024-07-17T11:00:00Z,ARUQ17,Sandhill Crane,1,22,8,0,15,0
2024-07-17T11:30:00Z,ARUQ17,Brant,2,23.5,8.19,0,15,0
2024-07-17T12:00:00Z,ARUQ17,Red-throated Loon,4,25,8.12,0,15,0
2024-07-17T12:00:00Z,ARUQ17,Black Scoter,1,25,8.12,0,15,0
2024-07-17T12:00:00Z,ARUQ17,Common Merganser,1,25,8.12,0,15,0
2024-07-17T14:30:00Z,ARUQ17,Brant,1,22.5,8.38,0,15,0
2024-07-17T15:00:00Z,ARUQ17,Common Raven,1,23,8.69,0,15,0
2024-07-17T18:00:00Z,ARUQ17,Brant,1,20,10.75,0,15,0
2024-07-17T18:30:00Z,ARUQ17,Red-throated Loon,7,20,10.38,0,15,0
2024-07-17T18:30:00Z,ARUQ17,Tundra Swan,5,20,10.38,0,15,0
2024-07-17T19:00:00Z,ARUQ17,Red-throated Loon,1,20,11.69,0,15,0
2024-07-17T19:00:00Z,ARUQ17,Tundra Swan,4,20,11.69,0,15,0
2024-07-17T21:00:00Z,ARUQ17,Long-tailed Duck,1,22,11.06,0,15,0
2024-07-18T00:00:00Z,ARUQ17,Common Eider,2,19,14.12,0,15,0
2024-07-18T00:00:00Z,ARUQ17,King Eider,1,19,14.12,0,15,0
2024-07-18T08:00:00Z,ARUQ17,Sandhill Crane,4,11,5.5,0,15,0
2024-07-18T09:30:00Z,ARUQ17,Sandhill Crane,12,9.5,4.619999999999999,0,15,0
2024-07-18T10:00:00Z,ARUQ17,Red-throated Loon,1,7,4.75,0,15,0
2024-07-18T10:30:00Z,ARUQ17,Semipalmated Sandpiper,1,7.5,4.5,0,15,0
2024-07-18T10:30:00Z,ARUQ17,Red-throated Loon,6,7.5,4.5,0,15,0
2024-07-18T11:00:00Z,ARUQ17,Rough-legged Hawk,2,8,4.5,0,15,0
2024-07-18T11:00:00Z,ARUQ17,Sandhill Crane,10,8,4.5,0,15,0
2024-07-18T16:00:00Z,ARUQ17,Common Redpoll,8,7,9.75,0,15,0
2024-07-18T19:00:00Z,ARUQ17,Yellow Rail,1,6,15,0,15,0
2024-07-18T19:00:00Z,ARUQ17,Red-throated Loon,5,6,15,0,15,0
2024-07-18T19:00:00Z,ARUQ17,LeConte's Sparrow,1,6,15,0,15,0
2024-07-18T19:30:00Z,ARUQ17,Red-throated Loon,2,10.5,16.310000000000002,0,15,0
2024-07-18T20:30:00Z,ARUQ17,Yellow Rail,2,16,16.19,0,15,0
2024-07-18T20:30:00Z,ARUQ17,Snow Bunting,1,16,16.19,0,15,0
2024-07-18T20:30:00Z,ARUQ17,Lapland Longspur,1,16,16.19,0,15,0
2024-07-18T21:30:00Z,ARUQ17,Common Redpoll,4,15.5,15.81,0,15,0
2024-07-18T22:30:00Z,ARUQ17,Common Redpoll,5,14.5,16.19,0,15,0
2024-07-18T23:30:00Z,ARUQ17,Trumpeter Swan,1,14,8.94,0,15,0
2024-07-18T23:30:00Z,ARUQ17,Red-throated Loon,1,14,8.94,0,15,0
2024-07-18T23:30:00Z,ARUQ17,Common Merganser,1,14,8.94,0,15,0
2024-07-19T00:00:00Z,ARUQ17,Red-throated Loon,10,13,8.12,0,15,0
2024-07-19T00:00:00Z,ARUQ17,Common Merganser,1,13,8.12,0,15,0
2024-07-19T00:00:00Z,ARUQ17,Common Redpoll,2,13,8.12,0,15,0
2024-07-19T01:00:00Z,ARUQ17,Common Redpoll,1,7,8.75,0,15,0
2024-07-19T01:00:00Z,ARUQ17,Sandhill Crane,1,7,8.75,0,15,0
2024-07-19T04:00:00Z,ARUQ17,Common Redpoll,8,13,16.88,0,15,0
2024-07-19T04:30:00Z,ARUQ17,Common Redpoll,3,14,16,0,15,0
2024-07-19T05:00:00Z,ARUQ17,Red-throated Loon,2,15,14.38,0,15,0
2024-07-19T05:00:00Z,ARUQ17,Common Redpoll,6,15,14.38,0,15,0
2024-07-19T06:30:00Z,ARUQ17,Bank Swallow,1,7.5,9.88,0,15,0
2024-07-19T06:30:00Z,ARUQ17,Common Redpoll,1,7.5,9.88,0,15,0
2024-07-19T07:00:00Z,ARUQ17,Sandhill Crane,9,0,8.25,0,15,0
2024-07-19T07:00:00Z,ARUQ17,Red-throated Loon,6,0,8.25,0,15,0
2024-07-19T07:00:00Z,ARUQ17,Common Redpoll,3,0,8.25,0,15,0
2024-07-19T07:00:00Z,ARUQ17,Common Merganser,1,0,8.25,0,15,0
2024-07-19T07:00:00Z,ARUQ17,Yellow Rail,1,0,8.25,0,15,0
2024-07-19T07:30:00Z,ARUQ17,Sandhill Crane,69,5.5,6.619999999999999,0,15,0
2024-07-19T08:00:00Z,ARUQ17,LeConte's Sparrow,1,11,6.81,0,15,0
2024-07-19T08:00:00Z,ARUQ17,Red-throated Loon,7,11,6.81,0,15,0
2024-07-19T08:30:00Z,ARUQ17,Red-breasted Nuthatch,1,7.5,5.619999999999999,0,15,0
2024-07-19T08:30:00Z,ARUQ17,Sandhill Crane,3,7.5,5.619999999999999,0,15,0
2024-07-19T09:00:00Z,ARUQ17,LeConte's Sparrow,5,4,6.31,0,15,0
2024-07-19T09:30:00Z,ARUQ17,Common Redpoll,6,4.5,8.25,0,15,0
2024-07-19T09:30:00Z,ARUQ17,Sandhill Crane,2,4.5,8.25,0,15,0
2024-07-19T10:00:00Z,ARUQ17,Pectoral Sandpiper,1,5,8,0,15,0
2024-07-19T10:00:00Z,ARUQ17,Baird's Sandpiper,1,5,8,0,15,0
2024-07-19T10:30:00Z,ARUQ17,American Golden-Plover,3,2.5,7.119999999999999,0,15,0
2024-07-19T10:30:00Z,ARUQ17,Sandhill Crane,11,2.5,7.119999999999999,0,15,0
2024-07-19T14:00:00Z,ARUQ17,Brant,1,0,10.12,0,15,0
2024-07-19T14:30:00Z,ARUQ17,Brant,1,2,11.12,0,15,0
2024-07-19T15:00:00Z,ARUQ17,Brant,2,4,12.38,0,15,0
2024-07-19T15:30:00Z,ARUQ17,Common Redpoll,3,5,14.62,0,15,0
2024-07-19T15:30:00Z,ARUQ17,Brant,1,5,14.62,0,15,0
2024-07-19T17:30:00Z,ARUQ17,Brant,1,1.5,16.69,0,15,0
2024-07-19T18:00:00Z,ARUQ17,Brant,3,3,19.88,0,15,0
2024-07-19T18:00:00Z,ARUQ17,Sandhill Crane,1,3,19.88,0,15,0
2024-07-19T19:00:00Z,ARUQ17,Brant,1,6,22.88,0,15,0
2024-07-19T19:30:00Z,ARUQ17,Red-throated Loon,16,6.5,23.12,0,15,0
2024-07-19T20:00:00Z,ARUQ17,Red-throated Loon,11,7,23,0,15,0
2024-07-19T20:00:00Z,ARUQ17,Brant,1,7,23,0,15,0
2024-07-19T20:30:00Z,ARUQ17,Brant,1,10.5,23.06,0,15,0
2024-07-19T20:30:00Z,ARUQ17,Sandhill Crane,2,10.5,23.06,0,15,0
2024-07-19T22:00:00Z,ARUQ17,Brant,1,18,22.94,0,15,0
2024-07-19T23:00:00Z,ARUQ17,Trumpeter Swan,1,18,19.38,0,15,0
2024-07-19T23:30:00Z,ARUQ17,Tundra Swan,1,19,22.25,0,15,0
2024-07-19T23:30:00Z,ARUQ17,Common Redpoll,7,19,22.25,0,15,0
2024-07-20T00:30:00Z,ARUQ17,Sandhill Crane,2,22,21.88,0,15,0
2024-07-20T01:30:00Z,ARUQ17,Mallard,6,24.5,21.25,0,15,0
2024-07-20T06:00:00Z,ARUQ17,Common Redpoll,11,6,13.38,0,15,0
2024-07-20T06:00:00Z,ARUQ17,Hoary Redpoll,2,6,13.38,0,15,0
2024-07-20T07:00:00Z,ARUQ17,Yellow Rail,1,6,10,0,15,0
2024-07-20T11:00:00Z,ARUQ17,Yellow Rail,1,7,7.31,0,15,0
2024-07-20T11:00:00Z,ARUQ17,Northern Harrier,2,7,7.31,0,15,0
2024-07-20T11:30:00Z,ARUQ17,Common Redpoll,6,7,9.5,0,15,0
2024-07-20T12:30:00Z,ARUQ17,Common Redpoll,1,6.5,12.62,0,15,0
2024-07-20T13:00:00Z,ARUQ17,Common Redpoll,2,6,13.38,0,15,0
2024-07-20T14:30:00Z,ARUQ17,Yellow Rail,2,22.5,12.38,0,15,0
2024-07-20T15:00:00Z,ARUQ17,Yellow Rail,1,39,12.25,0,15,0
2024-07-20T16:30:00Z,ARUQ17,Brant,1,39.5,12.69,0,15,0
2024-07-20T17:00:00Z,ARUQ17,Red-throated Loon,4,41,12.31,0,15,0
2024-07-20T17:30:00Z,ARUQ17,Brant,1,30.5,13,0,15,0
2024-07-20T19:00:00Z,ARUQ17,Trumpeter Swan,1,23,16.38,0,15,0
2024-07-20T19:30:00Z,ARUQ17,Red-throated Loon,4,20.5,16.25,0,15,0
2024-07-20T21:30:00Z,ARUQ17,Common Redpoll,1,17,13.69,0,15,0
2024-07-20T21:30:00Z,ARUQ17,Sandhill Crane,2,17,13.69,0,15,0
2024-07-20T21:30:00Z,ARUQ17,Long-tailed Duck,1,17,13.69,0,15,0
2024-07-20T22:00:00Z,ARUQ17,Sandhill Crane,2,17,16.12,0,15,0
2024-07-20T22:30:00Z,ARUQ17,Trumpeter Swan,1,17,16.62,0,15,0
2024-07-20T23:00:00Z,ARUQ17,Yellow Rail,1,17,16.19,0,15,0
2024-07-20T23:00:00Z,ARUQ17,Sandhill Crane,2,17,16.19,0,15,0
2024-07-20T23:30:00Z,ARUQ17,Common Redpoll,17,13.5,17.06,0,15,0
2024-07-20T23:30:00Z,ARUQ17,Hoary Redpoll,1,13.5,17.06,0,15,0
2024-07-21T00:00:00Z,ARUQ17,Red-throated Loon,1,10,17.12,0,15,0
2024-07-21T00:30:00Z,ARUQ17,Sandhill Crane,6,8,16.12,0,15,0
2024-07-21T01:00:00Z,ARUQ17,Sandhill Crane,5,6,14.38,0,15,0
2024-07-21T01:30:00Z,ARUQ17,Sandhill Crane,30,4.5,16.5,0,15,0
2024-07-21T01:30:00Z,ARUQ17,Common Loon,2,4.5,16.5,0,15,0
2024-07-21T01:30:00Z,ARUQ17,Pacific Loon,2,4.5,16.5,0,15,0
2024-07-21T02:30:00Z,ARUQ17,Sandhill Crane,2,4,15.06,0,15,0
2024-07-21T02:30:00Z,ARUQ17,Red-throated Loon,3,4,15.06,0,15,0
2024-07-21T03:00:00Z,ARUQ17,Long-tailed Duck,1,5,15.38,0,15,0
2024-07-21T04:00:00Z,ARUQ17,LeConte's Sparrow,5,3,15,0,15,0
2024-07-21T04:00:00Z,ARUQ17,Savannah Sparrow,2,3,15,0,15,0
2024-07-21T04:00:00Z,ARUQ17,Common Redpoll,22,3,15,0,15,0
2024-07-21T04:00:00Z,ARUQ17,Hoary Redpoll,1,3,15,0,15,0
2024-07-21T04:30:00Z,ARUQ17,Common Redpoll,11,1.5,15.94,0,15,0
2024-07-21T04:30:00Z,ARUQ17,Bank Swallow,1,1.5,15.94,0,15,0
2024-07-21T05:00:00Z,ARUQ17,Common Redpoll,3,0,15.62,0,15,0
2024-07-21T07:30:00Z,ARUQ17,Sandhill Crane,5,5,5.75,0,15,0
2024-07-21T07:30:00Z,ARUQ17,Common Redpoll,1,5,5.75,0,15,0
2024-07-21T07:30:00Z,ARUQ17,American Tree Sparrow,1,5,5.75,0,15,0
2024-07-21T08:00:00Z,ARUQ17,Lapland Longspur,1,3,4.88,0,15,0
2024-07-21T09:30:00Z,ARUQ17,Sandhill Crane,4,8,5.25,0,15,0
2024-07-21T10:30:00Z,ARUQ17,Red-throated Loon,2,14,6.38,0,15,0
2024-07-21T12:00:00Z,ARUQ17,Red-necked Phalarope,10,16,8.25,0,15,0
2024-07-21T12:00:00Z,ARUQ17,Sandhill Crane,1,16,8.25,0,15,0
2024-07-21T12:30:00Z,ARUQ17,Sandhill Crane,14,17.5,8.56,0,15,0
2024-07-21T14:00:00Z,ARUQ17,Sandhill Crane,43,16,12.12,0,15,0
2024-07-21T14:00:00Z,ARUQ17,Lapland Longspur,8,16,12.12,0,15,0
2024-07-21T14:30:00Z,ARUQ17,Sandhill Crane,1,18.5,12.38,0,15,0
2024-07-21T14:30:00Z,ARUQ17,Greater White-fronted Goose,2,18.5,12.38,0,15,0
2024-07-21T15:00:00Z,ARUQ17,Red-throated Loon,1,21,12.38,0,15,0
2024-07-21T17:00:00Z,ARUQ17,Sandhill Crane,28,10,13.75,0,15,0
2024-07-21T17:30:00Z,ARUQ17,Sandhill Crane,55,8,14.88,0,15,0
2024-07-21T18:30:00Z,ARUQ17,Sandhill Crane,65,5,16.88,0,15,0
2024-07-21T19:30:00Z,ARUQ17,Sandhill Crane,8,4.5,20.38,0,15,0
2024-07-21T19:30:00Z,ARUQ17,Red-throated Loon,3,4.5,20.38,0,15,0
2024-07-21T20:00:00Z,ARUQ17,Common Redpoll,1,5,22,0,15,0
2024-07-21T21:00:00Z,ARUQ17,Sandhill Crane,4,8,20.12,0,15,0
2024-07-21T21:00:00Z,ARUQ17,American Golden-Plover,2,8,20.12,0,15,0
2024-07-21T21:00:00Z,ARUQ17,Common Redpoll,1,8,20.12,0,15,0
2024-07-21T21:30:00Z,ARUQ17,Sandhill Crane,6,6.5,22.12,0,15,0
2024-07-21T22:00:00Z,ARUQ17,Trumpeter Swan,1,5,23,0,15,0
2024-07-21T22:00:00Z,ARUQ17,Red-throated Loon,1,5,23,0,15,0
2024-07-21T22:30:00Z,ARUQ17,Common Redpoll,17,5.5,25.75,0,15,0
2024-07-21T23:00:00Z,ARUQ17,Common Redpoll,18,6,25.88,0,15,0
2024-07-21T23:00:00Z,ARUQ17,Trumpeter Swan,1,6,25.88,0,15,0
2024-07-21T23:30:00Z,ARUQ17,Common Redpoll,2,6,25.44,0,15,0
2024-07-22T00:00:00Z,ARUQ17,Sandhill Crane,4,6,25.12,0,15,0
2024-07-22T00:00:00Z,ARUQ17,Red-throated Loon,1,6,25.12,0,15,0
2024-07-22T00:30:00Z,ARUQ17,Common Redpoll,4,3,22.19,0,15,0
2024-07-22T02:00:00Z,ARUQ17,Red-throated Loon,2,0,24,0,15,0
2024-07-22T03:00:00Z,ARUQ17,Red-throated Loon,2,4,20.12,0,15,0
2024-07-22T03:30:00Z,ARUQ17,Red-throated Loon,7,2,17.38,0,15,0
2024-07-22T04:00:00Z,ARUQ17,Common Redpoll,11,0,15.06,0,15,0
2024-07-22T04:30:00Z,ARUQ17,Common Redpoll,3,1.5,16.310000000000002,0,15,0
2024-07-22T04:30:00Z,ARUQ17,Least Flycatcher,1,1.5,16.310000000000002,0,15,0
2024-07-22T05:00:00Z,ARUQ17,Red-throated Loon,6,3,15.19,0,15,0
2024-07-22T05:00:00Z,ARUQ17,American Pipit,22,3,15.19,0,15,0
2024-07-22T05:30:00Z,ARUQ17,Common Redpoll,1,1.5,13.62,0,15,0
2024-07-22T05:30:00Z,ARUQ17,Red-throated Loon,1,1.5,13.62,0,15,0
2024-07-22T06:30:00Z,ARUQ17,Red-throated Loon,1,1.5,11.12,0,15,0
2024-07-22T06:30:00Z,ARUQ17,Sandhill Crane,12,1.5,11.12,0,15,0
2024-07-22T07:00:00Z,ARUQ17,Pectoral Sandpiper,3,3,9.62,0,15,0
2024-07-22T07:30:00Z,ARUQ17,Red-throated Loon,3,4,10.88,0,15,0
2024-07-22T10:30:00Z,ARUQ17,Sandhill Crane,2,14,9.62,0,15,0
2024-07-22T11:00:00Z,ARUQ17,Red-throated Loon,8,5,9.88,0,15,0
2024-07-22T12:00:00Z,ARUQ17,Brant,1,8,8.25,0,15,0
2024-07-22T13:30:00Z,ARUQ17,Tundra Swan,1,12.5,10.5,0,15,0
2024-07-22T14:00:00Z,ARUQ17,Sandhill Crane,1,17,9.62,0,15,0
2024-07-22T14:30:00Z,ARUQ17,Common Redpoll,3,18.5,9.44,0,15,0
2024-07-22T15:00:00Z,ARUQ17,Sandhill Crane,15,20,9.88,0,15,0
2024-07-22T15:30:00Z,ARUQ17,Sandhill Crane,16,19,10.38,0,15,0
2024-07-22T16:00:00Z,ARUQ17,Sandhill Crane,12,18,10.12,0,15,0
2024-07-22T17:00:00Z,ARUQ17,Sandhill Crane,7,10,9.5,0,15,0
2024-07-22T17:00:00Z,ARUQ17,Pectoral Sandpiper,2,10,9.5,0,15,0
2024-07-22T19:00:00Z,ARUQ17,Sandhill Crane,1,11,10.38,0,15,0
2024-07-22T19:00:00Z,ARUQ17,Red-throated Loon,1,11,10.38,0,15,0
2024-07-22T19:30:00Z,ARUQ17,White-winged Crossbill,1,11.5,10.62,0,15,0
2024-07-22T20:30:00Z,ARUQ17,Sandhill Crane,20,9.5,10.69,0,15,0
2024-07-22T21:00:00Z,ARUQ17,Sandhill Crane,2,7,10.06,0,15,0
2024-07-23T02:30:00Z,ARUQ17,Yellow Rail,1,11.5,10.38,0,15,0
2024-07-23T03:00:00Z,ARUQ17,Sandhill Crane,6,11,9,0,15,0
2024-07-23T03:30:00Z,ARUQ17,Yellow Rail,1,15,8.62,0,15,0
2024-07-23T06:30:00Z,ARUQ17,Sandhill Crane,5,8,7.75,0,15,0
2024-07-23T07:30:00Z,ARUQ17,LeConte's Sparrow,4,13.5,7.38,0,15,0
2024-07-23T09:00:00Z,ARUQ17,Pomarine Jaeger,3,15,6.94,0,15,0
2024-07-23T15:30:00Z,ARUQ17,LeConte's Sparrow,1,5.5,9.62,0,15,0
2024-07-23T16:00:00Z,ARUQ17,LeConte's Sparrow,1,7,9.88,0,15,0
2024-07-23T17:00:00Z,ARUQ17,Brant,1,8,11.38,0,15,0
2024-07-23T21:00:00Z,ARUQ17,Brant,1,12,17.62,0,15,0
2024-07-23T21:30:00Z,ARUQ17,Lapland Longspur,1,14.5,18.06,0,15,0
2024-07-24T06:00:00Z,ARUQ17,Common Redpoll,5,16,14,0,15,0
2024-07-24T07:30:00Z,ARUQ17,Common Redpoll,1,18,11,0,15,0
2024-07-24T08:00:00Z,ARUQ17,Common Redpoll,2,15,11.38,0,15,0
2024-07-24T09:30:00Z,ARUQ17,Brant,1,3,9.62,0,15,0
2024-07-24T09:30:00Z,ARUQ17,Common Redpoll,1,3,9.62,0,15,0
2024-07-24T10:00:00Z,ARUQ17,Common Redpoll,6,6,12.12,0,15,0
2024-07-24T10:30:00Z,ARUQ17,Black Scoter,1,10,12,0,15,0
2024-07-24T14:30:00Z,ARUQ17,American Golden-Plover,1,34.5,14.44,0,15,0
2024-07-24T15:00:00Z,ARUQ17,Red-throated Loon,3,36,15,0,15,0
2024-07-24T18:00:00Z,ARUQ17,Black-legged Kittiwake,10,12,23,0,15,0
2024-07-24T18:30:00Z,ARUQ17,Black-legged Kittiwake,2,6,23.62,0,15,0
2024-07-24T19:00:00Z,ARUQ17,Red-throated Loon,1,0,24.12,0,15,0
2024-07-24T19:30:00Z,ARUQ17,Black-legged Kittiwake,1,2.5,24.62,0,15,0
2024-07-24T20:00:00Z,ARUQ17,Black-legged Kittiwake,1,5,25.5,0,15,0
2024-07-24T20:30:00Z,ARUQ17,Tundra Swan,1,2.5,24.88,0,15,0
2024-07-24T20:30:00Z,ARUQ17,Sandhill Crane,15,2.5,24.88,0,15,0
2024-07-24T21:30:00Z,ARUQ17,Greater White-fronted Goose,3,0,25.62,0,15,0
2024-07-24T21:30:00Z,ARUQ17,Sandhill Crane,2,0,25.62,0,15,0
2024-07-24T22:00:00Z,ARUQ17,Sandhill Crane,1,0,26.62,0,15,0
2024-07-24T22:30:00Z,ARUQ17,Black-legged Kittiwake,1,1.5,27.12,0,15,0
2024-07-24T23:00:00Z,ARUQ17,Sandhill Crane,3,3,27.75,0,15,0
2024-07-24T23:00:00Z,ARUQ17,Long-tailed Duck,1,3,27.75,0,15,0
2024-07-24T23:30:00Z,ARUQ17,Sandhill Crane,7,5.5,27.75,0,15,0
2024-07-25T00:00:00Z,ARUQ17,American Golden-Plover,8,8,27.31,0,15,0
2024-07-25T00:30:00Z,ARUQ17,Sandhill Crane,1,6.5,27.44,0,15,0
2024-07-25T02:00:00Z,ARUQ17,Tundra Swan,1,5,23.12,0,15,0
2024-07-25T02:30:00Z,ARUQ17,American Golden-Plover,4,4.5,20.75,0,15,0
2024-07-25T02:30:00Z,ARUQ17,Sandhill Crane,4,4.5,20.75,0,15,0
2024-07-25T03:00:00Z,ARUQ17,Sandhill Crane,8,4,21.38,0,15,0
2024-07-25T04:30:00Z,ARUQ17,Common Redpoll,20,2.5,17.439999999999998,0,15,0
2024-07-25T04:30:00Z,ARUQ17,Hoary Redpoll,1,2.5,17.439999999999998,0,15,0
2024-07-25T05:00:00Z,ARUQ17,Long-tailed Duck,1,0,17,0,15,0
2024-07-25T05:00:00Z,ARUQ17,Lapland Longspur,3,0,17,0,15,0
2024-07-25T05:30:00Z,ARUQ17,Sandhill Crane,1,0,16.12,0,15,0
2024-07-25T05:30:00Z,ARUQ17,Common Redpoll,13,0,16.12,0,15,0
2024-07-25T06:00:00Z,ARUQ17,Common Redpoll,2,0,15.88,0,15,0
2024-07-25T06:30:00Z,ARUQ17,Common Redpoll,5,0,15.69,0,15,0
2024-07-25T06:30:00Z,ARUQ17,Red-throated Loon,2,0,15.69,0,15,0
2024-07-25T06:30:00Z,ARUQ17,Lapland Longspur,3,0,15.69,0,15,0
2024-07-25T07:00:00Z,ARUQ17,Common Redpoll,9,0,15.12,0,15,0
2024-07-25T07:30:00Z,ARUQ17,Pomarine Jaeger,1,0,14.62,0,15,0
2024-07-25T07:30:00Z,ARUQ17,Sandhill Crane,2,0,14.62,0,15,0
2024-07-25T08:00:00Z,ARUQ17,Sandhill Crane,9,0,14.44,0,15,0
2024-07-25T08:30:00Z,ARUQ17,American Pipit,6,0,14.38,0,15,0
2024-07-25T08:30:00Z,ARUQ17,Sandhill Crane,1,0,14.38,0,15,0
2024-07-25T09:00:00Z,ARUQ17,Common Redpoll,9,0,14.19,0,15,0
2024-07-25T09:30:00Z,ARUQ17,Common Redpoll,16,2,14.19,0,15,0
2024-07-25T10:00:00Z,ARUQ17,Pomarine Jaeger,3,4,13.62,0,15,0
2024-07-25T10:00:00Z,ARUQ17,Tundra Swan,1,4,13.62,0,15,0
2024-07-25T11:30:00Z,ARUQ17,Sandhill Crane,1,0,10.5,0,15,0
2024-07-25T14:00:00Z,ARUQ17,Pectoral Sandpiper,3,7,15.31,0,15,0
2024-07-25T18:00:00Z,ARUQ17,Lapland Longspur,1,11,20.62,0,15,0
2024-07-25T21:30:00Z,ARUQ17,Red-throated Loon,4,12.5,24.25,0,15,0
2024-07-25T23:00:00Z,ARUQ17,Common Redpoll,1,10,25.19,0,15,0
2024-07-25T23:30:00Z,ARUQ17,Common Redpoll,21,11,24,0,15,0
2024-07-25T23:30:00Z,ARUQ17,Hoary Redpoll,1,11,24,0,15,0
2024-07-26T00:00:00Z,ARUQ17,Trumpeter Swan,4,12,23.44,0,15,0
2024-07-26T00:30:00Z,ARUQ17,Red-throated Loon,7,11.5,22.25,0,15,0
2024-07-26T01:00:00Z,ARUQ17,Trumpeter Swan,1,11,21.44,0,15,0
2024-07-26T01:30:00Z,ARUQ17,Black-legged Kittiwake,1,10,24.69,0,15,0
2024-07-26T02:00:00Z,ARUQ17,Greater White-fronted Goose,3,9,23.44,0,15,0
2024-07-26T02:30:00Z,ARUQ17,Sandhill Crane,3,7,23.12,0,15,0
2024-07-26T03:30:00Z,ARUQ17,Trumpeter Swan,1,5,22.25,0,15,0
2024-07-26T04:00:00Z,ARUQ17,Common Redpoll,21,5,19.25,0,15,0
2024-07-26T04:30:00Z,ARUQ17,Common Redpoll,54,8.5,19.25,0,15,0
2024-07-26T04:30:00Z,ARUQ17,Sandhill Crane,1,8.5,19.25,0,15,0
2024-07-26T05:00:00Z,ARUQ17,Common Redpoll,11,12,18.69,0,15,0
2024-07-26T05:00:00Z,ARUQ17,Yellow-bellied Flycatcher,1,12,18.69,0,15,0
2024-07-26T05:30:00Z,ARUQ17,Common Redpoll,8,13,18.12,0,15,0
2024-07-26T06:00:00Z,ARUQ17,Red-throated Loon,48,14,15.12,0,15,0
2024-07-26T06:00:00Z,ARUQ17,Common Redpoll,4,14,15.12,0,15,0
2024-07-26T06:00:00Z,ARUQ17,Trumpeter Swan,1,14,15.12,0,15,0
2024-07-26T06:30:00Z,ARUQ17,Sandhill Crane,4,12,14.12,0,15,0
2024-07-26T06:30:00Z,ARUQ17,Common Redpoll,4,12,14.12,0,15,0
2024-07-26T07:00:00Z,ARUQ17,Sandhill Crane,38,10,13.38,0,15,0
2024-07-26T07:00:00Z,ARUQ17,Common Redpoll,8,10,13.38,0,15,0
2024-07-26T07:30:00Z,ARUQ17,Sandhill Crane,41,12.5,13.62,0,15,0
2024-07-26T07:30:00Z,ARUQ17,Common Redpoll,1,12.5,13.62,0,15,0
2024-07-26T08:00:00Z,ARUQ17,Common Redpoll,4,15,14.5,0,15,0
2024-07-26T08:00:00Z,ARUQ17,Sandhill Crane,6,15,14.5,0,15,0
2024-07-26T08:30:00Z,ARUQ17,Common Redpoll,3,14.5,14.38,0,15,0
2024-07-26T08:30:00Z,ARUQ17,Lapland Longspur,1,14.5,14.38,0,15,0
2024-07-26T10:00:00Z,ARUQ17,Common Redpoll,1,25,14.19,0,15,0
2024-07-26T10:00:00Z,ARUQ17,White-winged Crossbill,1,25,14.19,0,15,0
2024-07-26T10:30:00Z,ARUQ17,Common Redpoll,7,15.5,13.5,0,15,0
2024-07-26T11:30:00Z,ARUQ17,Common Redpoll,7,8.5,12.5,0,15,0
2024-07-26T12:00:00Z,ARUQ17,Lapland Longspur,1,11,12.38,0,15,0
2024-07-26T12:30:00Z,ARUQ17,White-tailed Ptarmigan,1,10.5,13.88,0,15,0
2024-07-26T14:30:00Z,ARUQ17,Sandhill Crane,1,12.5,15.12,0,15,0
2024-07-26T17:30:00Z,ARUQ17,Red-throated Loon,10,14.5,17.75,0,15,0
2024-07-26T23:00:00Z,ARUQ17,Red-necked Phalarope,1,30,10.56,0,15,0
2024-07-26T23:30:00Z,ARUQ17,Baird's Sandpiper,1,28,10.25,0,15,0
2024-07-26T23:30:00Z,ARUQ17,Dunlin,1,28,10.25,0,15,0
2024-07-26T23:30:00Z,ARUQ17,Red-throated Loon,18,28,10.25,0,15,0
2024-07-27T03:30:00Z,ARUQ17,Willow Ptarmigan,1,18.5,7.88,0,15,0
2024-07-27T04:00:00Z,ARUQ17,Common Redpoll,1,18,7.619999999999999,0,15,0
2024-07-27T09:30:00Z,ARUQ17,Brant,1,26,6.56,0,15,0
2024-07-27T10:30:00Z,ARUQ17,Brant,1,28,6.1899999999999995,0,15,0
2024-07-27T13:00:00Z,ARUQ17,White-tailed Ptarmigan,1,30,5.88,0,15,0
2024-07-27T18:00:00Z,ARUQ17,Baird's Sandpiper,1,32,5.25,0,15,0
2024-07-27T20:00:00Z,ARUQ17,Red-throated Loon,2,28,6.119999999999999,0,15,0
2024-07-28T07:30:00Z,ARUQ17,Sandhill Crane,8,22,4.5,0,15,0
2024-07-28T23:30:00Z,ARUQ17,Northern Fulmar,3,21.5,7.38,0,15,0
2024-07-28T23:30:00Z,ARUQ17,Red-throated Loon,7,21.5,7.38,0,15,0
2024-07-29T06:00:00Z,ARUQ17,Red-throated Loon,2,NA,5.81,0,15,0
2024-07-29T06:00:00Z,ARUQ17,Northern Fulmar,2,NA,5.81,0,15,0
2024-07-29T08:30:00Z,ARUQ17,Red-throated Loon,4,16,4.25,0,15,0
2024-07-29T10:00:00Z,ARUQ17,Red-throated Loon,1,16,2.38,0,15,0
2024-07-29T11:00:00Z,ARUQ17,Northern Fulmar,1,15,3.62,0,15,0
2024-07-29T19:30:00Z,ARUQ17,Black Scoter,1,15,8.94,0,15,0
2024-07-30T01:30:00Z,ARUQ17,Northern Fulmar,1,17.5,8.5,0,15,0
2024-07-30T01:30:00Z,ARUQ17,Red-throated Loon,3,17.5,8.5,0,15,0
2024-07-30T03:30:00Z,ARUQ17,Common Eider,1,16,7.5,0,15,0
2024-07-30T06:30:00Z,ARUQ17,Red-throated Loon,4,14.5,5.75,0,15,0
2024-07-30T06:30:00Z,ARUQ17,Northern Fulmar,1,14.5,5.75,0,15,0
2024-07-30T08:30:00Z,ARUQ17,Sandhill Crane,2,14.5,5.1899999999999995,0,15,0
2024-07-30T09:00:00Z,ARUQ17,Red-throated Loon,5,15,4.94,0,15,0
2024-07-30T09:00:00Z,ARUQ17,Northern Fulmar,4,15,4.94,0,15,0
2024-07-30T09:30:00Z,ARUQ17,Lapland Longspur,1,15,5.44,0,15,0
2024-07-30T10:30:00Z,ARUQ17,Northern Fulmar,1,14,5,0,15,0
2024-07-30T10:30:00Z,ARUQ17,Red-throated Loon,4,14,5,0,15,0
2024-07-30T10:30:00Z,ARUQ17,Brant,1,14,5,0,15,0
2024-07-30T11:00:00Z,ARUQ17,King Eider,1,13,5.119999999999999,0,15,0
2024-07-30T11:00:00Z,ARUQ17,Northern Fulmar,1,13,5.119999999999999,0,15,0
2024-07-30T11:00:00Z,ARUQ17,Red-throated Loon,4,13,5.119999999999999,0,15,0
2024-07-30T11:30:00Z,ARUQ17,American Pipit,7,10,4.6899999999999995,0,15,0
2024-07-30T13:00:00Z,ARUQ17,Red-throated Loon,2,13,6,0,15,0
2024-07-30T14:30:00Z,ARUQ17,Red-throated Loon,3,18,6.38,0,15,0
2024-07-30T14:30:00Z,ARUQ17,Rough-legged Hawk,1,18,6.38,0,15,0
2024-07-30T15:30:00Z,ARUQ17,Red-throated Loon,8,15.5,7.119999999999999,0,15,0
2024-07-30T15:30:00Z,ARUQ17,Black Scoter,1,15.5,7.119999999999999,0,15,0
2024-07-30T16:00:00Z,ARUQ17,Black Scoter,1,13,7.94,0,15,0
2024-07-30T16:00:00Z,ARUQ17,Rough-legged Hawk,1,13,7.94,0,15,0
2024-07-30T16:30:00Z,ARUQ17,Black Scoter,1,13,7.94,0,15,0
2024-07-31T04:30:00Z,ARUQ17,Red-throated Loon,8,9.5,6.38,0,15,0
2024-07-31T05:00:00Z,ARUQ17,Red-throated Loon,16,8,6,0,15,0
2024-07-31T05:00:00Z,ARUQ17,Northern Fulmar,2,8,6,0,15,0
2024-07-31T06:00:00Z,ARUQ17,Red-throated Loon,14,5,5.06,0,15,0
2024-07-31T06:00:00Z,ARUQ17,Northern Fulmar,1,5,5.06,0,15,0
2024-07-31T06:30:00Z,ARUQ17,Sandhill Crane,11,4.5,4.38,0,15,0
2024-07-31T07:00:00Z,ARUQ17,Red-throated Loon,9,4,3.5,0,15,0
2024-07-31T07:30:00Z,ARUQ17,Sandhill Crane,3,2,2.88,0,15,0
2024-07-31T09:00:00Z,ARUQ17,Red-throated Loon,12,0,2.3099999999999996,0,15,0
2024-07-31T11:00:00Z,ARUQ17,Brant,1,5,2.19,0,15,0
2024-07-31T11:30:00Z,ARUQ17,Red-throated Loon,1,4.5,2.19,0,15,0
2024-07-31T12:00:00Z,ARUQ17,Red-throated Loon,4,4,2.38,0,15,0
2024-07-31T12:30:00Z,ARUQ17,Pectoral Sandpiper,1,4.5,3.75,0,15,0
2024-07-31T13:30:00Z,ARUQ17,Pomarine Jaeger,1,12.5,5.619999999999999,0,15,0
2024-07-31T15:30:00Z,ARUQ17,Pomarine Jaeger,2,22.5,5.94,0,15,0
2024-07-31T16:00:00Z,ARUQ17,Common Merganser,1,22,9.88,0,15,0
2024-07-31T17:00:00Z,ARUQ17,Brant,1,25,10.38,0,15,0
2024-07-31T21:00:00Z,ARUQ17,Red-breasted Nuthatch,1,NA,14.5,0,15,0
2024-07-31T21:00:00Z,ARUQ17,Red-throated Loon,2,NA,14.5,0,15,0
2024-07-31T21:00:00Z,ARUQ17,Brant,1,NA,14.5,0,15,0
2024-07-31T21:00:00Z,ARUQ17,Sandhill Crane,1,NA,14.5,0,15,0
2024-07-31T22:00:00Z,ARUQ17,King Eider,1,32,14.31,0,15,0
2024-07-31T23:00:00Z,ARUQ17,Red-throated Loon,32,30,14.88,0,15,0
2024-07-31T23:00:00Z,ARUQ17,Mallard,1,30,14.88,0,15,0
2024-07-31T23:30:00Z,ARUQ17,Sandhill Crane,11,30,15.12,0,15,0
2024-08-01T00:00:00Z,ARUQ17,Sandhill Crane,20,30,15.12,0,15,0
2024-08-01T00:30:00Z,ARUQ17,Sandhill Crane,41,30,14.44,0,15,0
2024-08-01T05:00:00Z,ARUQ17,Red-throated Loon,10,14,9.5,0,15,0
2024-08-01T05:00:00Z,ARUQ17,Hoary Redpoll,1,14,9.5,0,15,0
2024-08-01T06:30:00Z,ARUQ17,Red-throated Loon,4,1.5,7.25,0,15,0
2024-08-01T06:30:00Z,ARUQ17,Pectoral Sandpiper,1,1.5,7.25,0,15,0
2024-08-01T07:00:00Z,ARUQ17,Red-throated Loon,44,3,7.5,0,15,0
2024-08-01T07:00:00Z,ARUQ17,Northern Fulmar,1,3,7.5,0,15,0
2024-08-01T07:00:00Z,ARUQ17,King Eider,1,3,7.5,0,15,0
2024-08-01T09:30:00Z,ARUQ17,Sandhill Crane,2,1.5,7.619999999999999,0,15,0
2024-08-01T10:00:00Z,ARUQ17,Sandhill Crane,23,3,6.1899999999999995,0,15,0
2024-08-01T10:00:00Z,ARUQ17,Tundra Swan,1,3,6.1899999999999995,0,15,0
2024-08-01T11:30:00Z,ARUQ17,Savannah Sparrow,1,1.5,6.38,0,15,0
2024-08-01T12:00:00Z,ARUQ17,Lapland Longspur,1,3,6.56,0,15,0
2024-08-01T12:30:00Z,ARUQ17,Red-throated Loon,5,1.5,5.88,0,15,0
2024-08-01T12:30:00Z,ARUQ17,Black Scoter,1,1.5,5.88,0,15,0
2024-08-01T13:00:00Z,ARUQ17,Red-throated Loon,1,0,8.12,0,15,0
2024-08-01T14:30:00Z,ARUQ17,Sandhill Crane,8,5.5,10.5,0,15,0
2024-08-01T15:00:00Z,ARUQ17,Black Scoter,1,7,10.62,0,15,0
2024-08-01T15:00:00Z,ARUQ17,Sandhill Crane,34,7,10.62,0,15,0
2024-08-01T18:30:00Z,ARUQ17,Common Loon,1,24.5,12.5,0,15,0
2024-08-01T19:30:00Z,ARUQ17,Sandhill Crane,3,23,10.38,0,15,0
2024-08-01T22:30:00Z,ARUQ17,Red-throated Loon,24,10,12.38,0,15,0
2024-08-01T23:00:00Z,ARUQ17,Sandhill Crane,1,7,15.38,0,15,0
2024-08-01T23:30:00Z,ARUQ17,Red-throated Loon,3,13.5,16.62,0,15,0
2024-08-02T00:00:00Z,ARUQ17,Red-throated Loon,6,20,16.810000000000002,0,15,0
2024-08-02T07:30:00Z,ARUQ17,Greater White-fronted Goose,13,35,3.75,0,15,0
2024-08-02T08:30:00Z,ARUQ17,Peregrine Falcon,1,47,4.06,0,15,0
2024-08-02T10:00:00Z,ARUQ17,Pomarine Jaeger,1,41,2.12,0,15,0
2024-08-02T10:30:00Z,ARUQ17,American Pipit,1,38,1.25,0,15,0
2024-08-02T11:00:00Z,ARUQ17,Red-throated Loon,13,35,0.25,0,15,0
2024-08-02T11:30:00Z,ARUQ17,Red-throated Loon,2,33.5,0.19,0,15,0
2024-08-02T15:00:00Z,ARUQ17,Pine Siskin,1,22,0.38,0,15,0
2024-08-02T15:00:00Z,ARUQ17,Common Redpoll,1,22,0.38,0,15,0
2024-08-02T18:00:00Z,ARUQ17,Red-throated Loon,6,22,4.619999999999999,0,15,0
2024-08-02T18:00:00Z,ARUQ17,Common Merganser,1,22,4.619999999999999,0,15,0
2024-08-03T06:30:00Z,ARUQ17,Red-throated Loon,6,13,1.12,0,15,0
2024-08-03T06:30:00Z,ARUQ17,American Tree Sparrow,1,13,1.12,0,15,0
2024-08-03T06:30:00Z,ARUQ17,Savannah Sparrow,1,13,1.12,0,15,0
2024-08-03T07:00:00Z,ARUQ17,Lapland Longspur,3,14,0.81,0,15,0
2024-08-03T08:00:00Z,ARUQ17,Red-throated Loon,11,19,1.25,0,15,0
2024-08-03T08:00:00Z,ARUQ17,Lapland Longspur,4,19,1.25,0,15,0
2024-08-03T10:30:00Z,ARUQ17,Sandhill Crane,9,18,1.38,0,15,0
2024-08-03T11:30:00Z,ARUQ17,Pomarine Jaeger,1,16.5,1.44,0,15,0
2024-08-03T12:00:00Z,ARUQ17,Common Redpoll,3,16,1.38,0,15,0
2024-08-03T12:00:00Z,ARUQ17,Hoary Redpoll,1,16,1.38,0,15,0
2024-08-03T12:30:00Z,ARUQ17,Pectoral Sandpiper,1,17,1.94,0,15,0
2024-08-03T12:30:00Z,ARUQ17,Lapland Longspur,3,17,1.94,0,15,0
2024-08-03T13:00:00Z,ARUQ17,Lapland Longspur,2,18,2.69,0,15,0
2024-08-03T17:30:00Z,ARUQ17,Northern Fulmar,1,17.5,10.5,0,15,0
2024-08-03T17:30:00Z,ARUQ17,King Eider,1,17.5,10.5,0,15,0
2024-08-03T17:30:00Z,ARUQ17,Red-throated Loon,3,17.5,10.5,0,15,0
2024-08-03T19:00:00Z,ARUQ17,Common Redpoll,9,15,15.5,0,15,0
2024-08-03T20:00:00Z,ARUQ17,Northern Fulmar,2,9,20.12,0,15,0
2024-08-03T20:00:00Z,ARUQ17,Red-throated Loon,6,9,20.12,0,15,0
2024-08-03T20:00:00Z,ARUQ17,King Eider,1,9,20.12,0,15,0
2024-08-03T21:30:00Z,ARUQ17,Lapland Longspur,1,12,21.12,0,15,0
2024-08-03T22:00:00Z,ARUQ17,Pectoral Sandpiper,1,11,23.56,0,15,0
2024-08-04T01:00:00Z,ARUQ17,Red-throated Loon,35,4,22.12,0,15,0
2024-08-04T01:00:00Z,ARUQ17,Northern Fulmar,1,4,22.12,0,15,0
2024-08-04T02:00:00Z,ARUQ17,Red-throated Loon,1,12,20.12,0,15,0
2024-08-04T02:30:00Z,ARUQ17,Red-throated Loon,11,9,20.25,0,15,0
2024-08-04T04:30:00Z,ARUQ17,Black Scoter,1,9.5,13.12,0,15,0
2024-08-04T04:30:00Z,ARUQ17,Redhead,4,9.5,13.12,0,15,0
2024-08-04T05:00:00Z,ARUQ17,Savannah Sparrow,1,6,11.62,0,15,0
2024-08-04T05:30:00Z,ARUQ17,Red-throated Loon,1,6.5,7.56,0,15,0
2024-08-04T06:00:00Z,ARUQ17,Savannah Sparrow,1,7,7.69,0,15,0
2024-08-04T06:00:00Z,ARUQ17,Red-throated Loon,8,7,7.69,0,15,0
2024-08-04T06:30:00Z,ARUQ17,Lapland Longspur,14,3.5,9.62,0,15,0
2024-08-04T06:30:00Z,ARUQ17,Red-throated Loon,4,3.5,9.62,0,15,0
2024-08-04T06:30:00Z,ARUQ17,Red-necked Phalarope,1,3.5,9.62,0,15,0
2024-08-04T07:00:00Z,ARUQ17,Sandhill Crane,7,0,5.25,0,15,0
2024-08-04T07:00:00Z,ARUQ17,Lapland Longspur,5,0,5.25,0,15,0
2024-08-04T07:00:00Z,ARUQ17,Smith's Longspur,1,0,5.25,0,15,0
2024-08-04T07:00:00Z,ARUQ17,American Tree Sparrow,4,0,5.25,0,15,0
2024-08-04T07:00:00Z,ARUQ17,Red-throated Loon,7,0,5.25,0,15,0
2024-08-04T07:00:00Z,ARUQ17,Savannah Sparrow,2,0,5.25,0,15,0
2024-08-04T07:30:00Z,ARUQ17,Lapland Longspur,1,0,4.31,0,15,0
2024-08-04T07:30:00Z,ARUQ17,Red-throated Loon,16,0,4.31,0,15,0
2024-08-04T08:00:00Z,ARUQ17,Sandhill Crane,10,0,5.31,0,15,0
2024-08-04T08:00:00Z,ARUQ17,American Tree Sparrow,1,0,5.31,0,15,0
2024-08-04T08:30:00Z,ARUQ17,Pomarine Jaeger,1,3.5,5.6899999999999995,0,15,0
2024-08-04T08:30:00Z,ARUQ17,Red-throated Loon,35,3.5,5.6899999999999995,0,15,0
2024-08-04T08:30:00Z,ARUQ17,Northern Fulmar,1,3.5,5.6899999999999995,0,15,0
2024-08-04T09:30:00Z,ARUQ17,Red-throated Loon,4,3.5,4.75,0,15,0
2024-08-04T10:30:00Z,ARUQ17,Savannah Sparrow,3,3,6.75,0,15,0
2024-08-04T11:00:00Z,ARUQ17,American Tree Sparrow,7,6,7.06,0,15,0
2024-08-04T11:30:00Z,ARUQ17,Common Redpoll,3,3,8.75,0,15,0
2024-08-04T12:30:00Z,ARUQ17,Greater White-fronted Goose,1,3.5,9.25,0,15,0
2024-08-04T12:30:00Z,ARUQ17,Common Redpoll,2,3.5,9.25,0,15,0
2024-08-04T12:30:00Z,ARUQ17,Pomarine Jaeger,1,3.5,9.25,0,15,0
2024-08-04T15:00:00Z,ARUQ17,Long-tailed Duck,6,4,12.62,0,15,0
2024-08-04T15:00:00Z,ARUQ17,Pomarine Jaeger,3,4,12.62,0,15,0
2024-08-04T15:30:00Z,ARUQ17,Long-tailed Duck,2,6,12.25,0,15,0
2024-08-04T15:30:00Z,ARUQ17,Pomarine Jaeger,1,6,12.25,0,15,0
2024-08-04T19:00:00Z,ARUQ17,Long-tailed Duck,1,0,19.06,0,15,0
2024-08-04T19:30:00Z,ARUQ17,Pomarine Jaeger,2,6.5,20.75,0,15,0
2024-08-04T19:30:00Z,ARUQ17,Long-tailed Duck,1,6.5,20.75,0,15,0
2024-08-04T20:00:00Z,ARUQ17,Brant,1,13,21.25,0,15,0
2024-08-04T21:00:00Z,ARUQ17,Long-tailed Duck,1,16,22.31,0,15,0
2024-08-04T21:30:00Z,ARUQ17,Long-tailed Duck,2,18.5,22.62,0,15,0
2024-08-04T21:30:00Z,ARUQ17,Brant,1,18.5,22.62,0,15,0
2024-08-04T22:00:00Z,ARUQ17,Long-tailed Duck,3,21,21.25,0,15,0
2024-08-04T22:00:00Z,ARUQ17,Redhead,1,21,21.25,0,15,0
2024-08-04T22:30:00Z,ARUQ17,Redhead,1,22.5,20.5,0,15,0
2024-08-04T22:30:00Z,ARUQ17,Long-tailed Duck,1,22.5,20.5,0,15,0
2024-08-04T22:30:00Z,ARUQ17,Sandhill Crane,1,22.5,20.5,0,15,0
2024-08-04T22:30:00Z,ARUQ17,Brant,1,22.5,20.5,0,15,0
2024-08-04T23:00:00Z,ARUQ17,Red-throated Loon,11,24,20.06,0,15,0
2024-08-04T23:00:00Z,ARUQ17,Greater White-fronted Goose,2,24,20.06,0,15,0
2024-08-04T23:00:00Z,ARUQ17,Pomarine Jaeger,3,24,20.06,0,15,0
2024-08-04T23:30:00Z,ARUQ17,Pomarine Jaeger,3,25,20.56,0,15,0
2024-08-05T01:30:00Z,ARUQ17,Brant,6,27.5,18.12,0,15,0
2024-08-05T02:00:00Z,ARUQ17,Common Redpoll,2,25,17.62,0,15,0
2024-08-05T04:30:00Z,ARUQ17,Common Redpoll,3,21.5,15.31,0,15,0
2024-08-05T04:30:00Z,ARUQ17,Hoary Redpoll,1,21.5,15.31,0,15,0
2024-08-05T05:00:00Z,ARUQ17,American Tree Sparrow,2,19,14.81,0,15,0
2024-08-05T05:00:00Z,ARUQ17,Common Redpoll,1,19,14.81,0,15,0
2024-08-05T05:30:00Z,ARUQ17,Common Redpoll,31,11,11.5,0,15,0
2024-08-05T05:30:00Z,ARUQ17,Brant,3,11,11.5,0,15,0
2024-08-05T05:30:00Z,ARUQ17,Bank Swallow,1,11,11.5,0,15,0
2024-08-05T05:30:00Z,ARUQ17,Yellow Rail,1,11,11.5,0,15,0
2024-08-05T06:00:00Z,ARUQ17,Common Redpoll,29,3,8.5,0,15,0
2024-08-05T06:00:00Z,ARUQ17,Lapland Longspur,2,3,8.5,0,15,0
2024-08-05T06:30:00Z,ARUQ17,Lapland Longspur,1,1.5,6.38,0,15,0
2024-08-05T07:00:00Z,ARUQ17,Sandhill Crane,31,0,6.619999999999999,0,15,0
2024-08-05T07:00:00Z,ARUQ17,Yellow Rail,1,0,6.619999999999999,0,15,0
2024-08-05T07:00:00Z,ARUQ17,Common Redpoll,1,0,6.619999999999999,0,15,0
2024-08-05T07:00:00Z,ARUQ17,American Tree Sparrow,1,0,6.619999999999999,0,15,0
2024-08-05T07:30:00Z,ARUQ17,Common Redpoll,3,3,7,0,15,0
2024-08-05T08:00:00Z,ARUQ17,Red-throated Loon,1,6,8.88,0,15,0
2024-08-05T08:30:00Z,ARUQ17,Sandhill Crane,13,4.5,7.1899999999999995,0,15,0
2024-08-05T08:30:00Z,ARUQ17,Common Redpoll,8,4.5,7.1899999999999995,0,15,0
2024-08-05T08:30:00Z,ARUQ17,Lapland Longspur,5,4.5,7.1899999999999995,0,15,0
2024-08-05T09:00:00Z,ARUQ17,Arctic Warbler,1,3,7.88,0,15,0
2024-08-05T09:00:00Z,ARUQ17,Greater White-fronted Goose,1,3,7.88,0,15,0
2024-08-05T09:00:00Z,ARUQ17,Red-throated Loon,25,3,7.88,0,15,0
2024-08-05T09:00:00Z,ARUQ17,Sandhill Crane,23,3,7.88,0,15,0
2024-08-05T09:30:00Z,ARUQ17,American Tree Sparrow,2,4.5,8.5,0,15,0
2024-08-05T09:30:00Z,ARUQ17,Common Redpoll,1,4.5,8.5,0,15,0
2024-08-05T09:30:00Z,ARUQ17,Long-tailed Duck,1,4.5,8.5,0,15,0
2024-08-05T09:30:00Z,ARUQ17,Least Sandpiper,1,4.5,8.5,0,15,0
2024-08-05T10:00:00Z,ARUQ17,Greater White-fronted Goose,2,6,8.75,0,15,0
2024-08-05T10:30:00Z,ARUQ17,Common Redpoll,3,3,8.19,0,15,0
2024-08-05T11:00:00Z,ARUQ17,Lapland Longspur,1,0,7.5,0,15,0
2024-08-05T11:00:00Z,ARUQ17,Common Redpoll,2,0,7.5,0,15,0
2024-08-05T11:00:00Z,ARUQ17,Hoary Redpoll,1,0,7.5,0,15,0
2024-08-05T12:00:00Z,ARUQ17,Common Redpoll,1,3,6.56,0,15,0
2024-08-05T12:30:00Z,ARUQ17,Sandhill Crane,7,6.5,7.119999999999999,0,15,0
2024-08-05T13:00:00Z,ARUQ17,Semipalmated Plover,1,10,9.12,0,15,0
2024-08-05T13:00:00Z,ARUQ17,Common Redpoll,1,10,9.12,0,15,0
2024-08-05T13:30:00Z,ARUQ17,Common Redpoll,8,6.5,11.5,0,15,0
2024-08-05T13:30:00Z,ARUQ17,Hoary Redpoll,1,6.5,11.5,0,15,0
2024-08-05T15:00:00Z,ARUQ17,Common Redpoll,2,17,19.38,0,15,0
2024-08-05T16:00:00Z,ARUQ17,Lapland Longspur,1,10,18.62,0,15,0
2024-08-05T18:30:00Z,ARUQ17,King Eider,1,5,23.62,0,15,0
2024-08-05T20:00:00Z,ARUQ17,Long-tailed Duck,9,3,26.62,0,15,0
2024-08-05T20:00:00Z,ARUQ17,Pomarine Jaeger,2,3,26.62,0,15,0
2024-08-05T20:30:00Z,ARUQ17,Brant,2,7.5,28.38,0,15,0
2024-08-05T21:00:00Z,ARUQ17,Gadwall,2,12,28.62,0,15,0
2024-08-05T21:00:00Z,ARUQ17,Black-legged Kittiwake,1,12,28.62,0,15,0
2024-08-05T22:00:00Z,ARUQ17,Mallard,1,13,29.38,0,15,0
2024-08-05T22:00:00Z,ARUQ17,Red-throated Loon,1,13,29.38,0,15,0
2024-08-06T04:00:00Z,ARUQ17,Common Redpoll,1,8,19,0,15,0
2024-08-06T04:30:00Z,ARUQ17,American Tree Sparrow,1,9.5,18.62,0,15,0
2024-08-06T04:30:00Z,ARUQ17,Common Redpoll,1,9.5,18.62,0,15,0
2024-08-06T05:00:00Z,ARUQ17,Common Redpoll,29,11,16.5,0,15,0
2024-08-06T05:00:00Z,ARUQ17,American Tree Sparrow,1,11,16.5,0,15,0
2024-08-06T05:30:00Z,ARUQ17,Common Redpoll,1,16.5,14.25,0,15,0
2024-08-06T06:00:00Z,ARUQ17,Common Redpoll,19,22,14,0,15,0
2024-08-06T06:00:00Z,ARUQ17,Tundra Swan,2,22,14,0,15,0
2024-08-06T06:30:00Z,ARUQ17,Common Redpoll,5,27.5,13.5,0,15,0
2024-08-06T07:00:00Z,ARUQ17,Common Redpoll,7,33,14.12,0,15,0
2024-08-06T07:00:00Z,ARUQ17,Yellow Rail,1,33,14.12,0,15,0
2024-08-06T07:00:00Z,ARUQ17,Red-throated Loon,26,33,14.12,0,15,0
2024-08-06T07:00:00Z,ARUQ17,Brant,1,33,14.12,0,15,0
2024-08-06T07:00:00Z,ARUQ17,Sandhill Crane,2,33,14.12,0,15,0
2024-08-06T07:00:00Z,ARUQ17,Tundra Swan,1,33,14.12,0,15,0
2024-08-06T08:00:00Z,ARUQ17,Common Redpoll,19,20,15.81,0,15,0
2024-08-06T08:00:00Z,ARUQ17,Northern Fulmar,2,20,15.81,0,15,0
2024-08-06T08:00:00Z,ARUQ17,Red-throated Loon,9,20,15.81,0,15,0
2024-08-06T08:00:00Z,ARUQ17,Lapland Longspur,8,20,15.81,0,15,0
2024-08-06T08:00:00Z,ARUQ17,Sandhill Crane,6,20,15.81,0,15,0
2024-08-06T08:30:00Z,ARUQ17,Yellow Rail,2,22.5,14.75,0,15,0
2024-08-06T08:30:00Z,ARUQ17,Common Redpoll,10,22.5,14.75,0,15,0
2024-08-06T08:30:00Z,ARUQ17,Red-throated Loon,4,22.5,14.75,0,15,0
2024-08-06T09:00:00Z,ARUQ17,Common Redpoll,4,25,14.38,0,15,0
2024-08-06T09:00:00Z,ARUQ17,Lapland Longspur,3,25,14.38,0,15,0
2024-08-06T09:30:00Z,ARUQ17,Common Redpoll,4,14,14,0,15,0
2024-08-06T09:30:00Z,ARUQ17,Long-billed Dowitcher,2,14,14,0,15,0
2024-08-06T09:30:00Z,ARUQ17,Yellow Rail,1,14,14,0,15,0
2024-08-06T10:00:00Z,ARUQ17,Common Redpoll,2,3,14.88,0,15,0
2024-08-06T10:30:00Z,ARUQ17,Pectoral Sandpiper,2,9.5,12.25,0,15,0
2024-08-06T10:30:00Z,ARUQ17,Red-throated Loon,11,9.5,12.25,0,15,0
2024-08-06T11:00:00Z,ARUQ17,Sandhill Crane,4,16,12.88,0,15,0
2024-08-06T11:00:00Z,ARUQ17,Common Redpoll,5,16,12.88,0,15,0
2024-08-06T11:30:00Z,ARUQ17,Red-throated Loon,12,12.5,12.88,0,15,0
2024-08-06T13:00:00Z,ARUQ17,Lapland Longspur,1,11,13.5,0,15,0
2024-08-06T13:30:00Z,ARUQ17,Brant,1,7,14.88,0,15,0
2024-08-06T13:30:00Z,ARUQ17,Red-throated Loon,2,7,14.88,0,15,0
2024-08-06T13:30:00Z,ARUQ17,Common Redpoll,2,7,14.88,0,15,0
2024-08-06T13:30:00Z,ARUQ17,Yellow Rail,2,7,14.88,0,15,0
2024-08-06T14:00:00Z,ARUQ17,Yellow Rail,2,3,15.56,0,15,0
2024-08-06T14:00:00Z,ARUQ17,Pectoral Sandpiper,1,3,15.56,0,15,0
2024-08-06T14:00:00Z,ARUQ17,Lapland Longspur,1,3,15.56,0,15,0
2024-08-06T14:30:00Z,ARUQ17,Pectoral Sandpiper,4,4,16.75,0,15,0
2024-08-06T14:30:00Z,ARUQ17,Baird's Sandpiper,2,4,16.75,0,15,0
2024-08-06T14:30:00Z,ARUQ17,Evening Grosbeak,1,4,16.75,0,15,0
2024-08-06T15:00:00Z,ARUQ17,Black Scoter,1,5,17.75,0,15,0
2024-08-06T19:00:00Z,ARUQ17,Sandhill Crane,4,NA,24.5,0,15,0
2024-08-06T19:30:00Z,ARUQ17,Sandhill Crane,2,12,24.75,0,15,0
2024-08-06T20:00:00Z,ARUQ17,Brant,1,16,25.94,0,15,0
2024-08-06T20:30:00Z,ARUQ17,Sandhill Crane,18,14.833333333333334,26,0,15,0
2024-08-06T23:00:00Z,ARUQ17,Pomarine Jaeger,3,9,34.190000000000005,0,15,0
2024-08-06T23:30:00Z,ARUQ17,Red-throated Loon,2,11,34.25,0,15,0
2024-08-07T00:00:00Z,ARUQ17,Red-throated Loon,5,13,34.75,0,15,0
2024-08-07T00:30:00Z,ARUQ17,Common Redpoll,6,6.5,32.309999999999995,0,15,0
2024-08-07T01:30:00Z,ARUQ17,Common Redpoll,4,1.5,34.120000000000005,0,15,0
2024-08-07T02:00:00Z,ARUQ17,Red-throated Loon,2,3,34.75,0,15,0
2024-08-07T03:30:00Z,ARUQ17,Least Flycatcher,1,3.5,29.25,0,15,0
2024-08-07T05:00:00Z,ARUQ17,Common Redpoll,2,8,23.06,0,15,0
2024-08-07T05:00:00Z,ARUQ17,Red-throated Loon,1,8,23.06,0,15,0
2024-08-07T05:30:00Z,ARUQ17,Red-throated Loon,21,7,17.939999999999998,0,15,0
2024-08-07T05:30:00Z,ARUQ17,Common Redpoll,4,7,17.939999999999998,0,15,0
2024-08-07T06:00:00Z,ARUQ17,Lapland Longspur,1,6,14.94,0,15,0
2024-08-07T06:30:00Z,ARUQ17,Common Redpoll,12,3,15.5,0,15,0
2024-08-07T06:30:00Z,ARUQ17,Hoary Redpoll,1,3,15.5,0,15,0
2024-08-07T07:00:00Z,ARUQ17,Mallard,2,0,16.56,0,15,0
2024-08-07T07:00:00Z,ARUQ17,Red-throated Loon,3,0,16.56,0,15,0
2024-08-07T07:00:00Z,ARUQ17,Greater White-fronted Goose,7,0,16.56,0,15,0
2024-08-07T07:00:00Z,ARUQ17,Common Redpoll,1,0,16.56,0,15,0
2024-08-07T07:00:00Z,ARUQ17,LeConte's Sparrow,2,0,16.56,0,15,0
2024-08-07T07:00:00Z,ARUQ17,American Tree Sparrow,1,0,16.56,0,15,0
2024-08-07T07:30:00Z,ARUQ17,Common Redpoll,39,9,16.88,0,15,0
2024-08-07T07:30:00Z,ARUQ17,Lapland Longspur,2,9,16.88,0,15,0
2024-08-07T07:30:00Z,ARUQ17,Trumpeter Swan,1,9,16.88,0,15,0
2024-08-07T08:00:00Z,ARUQ17,Common Redpoll,6,18,20.81,0,15,0
2024-08-07T08:00:00Z,ARUQ17,Pomarine Jaeger,1,18,20.81,0,15,0
2024-08-07T08:30:00Z,ARUQ17,Red-throated Loon,6,20,19.88,0,15,0
2024-08-07T08:30:00Z,ARUQ17,Pectoral Sandpiper,4,20,19.88,0,15,0
2024-08-07T08:30:00Z,ARUQ17,Lapland Longspur,8,20,19.88,0,15,0
2024-08-07T08:30:00Z,ARUQ17,Common Redpoll,5,20,19.88,0,15,0
2024-08-07T09:00:00Z,ARUQ17,American Pipit,1,22,19.06,0,15,0
2024-08-07T09:00:00Z,ARUQ17,Red-throated Loon,31,22,19.06,0,15,0
2024-08-07T09:30:00Z,ARUQ17,Lapland Longspur,1,26.5,18.62,0,15,0
2024-08-07T09:30:00Z,ARUQ17,Common Redpoll,3,26.5,18.62,0,15,0
2024-08-07T10:00:00Z,ARUQ17,Brant,1,31,19.06,0,15,0
2024-08-07T10:00:00Z,ARUQ17,Red-throated Loon,1,31,19.06,0,15,0
2024-08-07T10:30:00Z,ARUQ17,Golden-crowned Sparrow,1,26.5,19,0,15,0
2024-08-07T10:30:00Z,ARUQ17,American Tree Sparrow,1,26.5,19,0,15,0
2024-08-07T11:00:00Z,ARUQ17,Common Redpoll,2,22,18.25,0,15,0
2024-08-07T12:00:00Z,ARUQ17,American Tree Sparrow,3,34,18.12,0,15,0
2024-08-07T12:00:00Z,ARUQ17,Red-throated Loon,30,34,18.12,0,15,0
2024-08-07T13:00:00Z,ARUQ17,Red-throated Loon,2,20,17.88,0,15,0
2024-08-07T13:30:00Z,ARUQ17,Red-throated Loon,17,14,19.75,0,15,0
2024-08-07T15:00:00Z,ARUQ17,Lapland Longspur,1,12,22.38,0,15,0
2024-08-07T15:30:00Z,ARUQ17,Sandhill Crane,13,9,22.25,0,15,0
2024-08-07T16:00:00Z,ARUQ17,Ruddy Turnstone,1,6,24.75,0,15,0
2024-08-07T16:00:00Z,ARUQ17,Common Redpoll,2,6,24.75,0,15,0
2024-08-07T17:00:00Z,ARUQ17,Lapland Longspur,2,20,23.44,0,15,0
2024-08-07T17:00:00Z,ARUQ17,American Tree Sparrow,1,20,23.44,0,15,0
2024-08-07T17:00:00Z,ARUQ17,Long-tailed Duck,1,20,23.44,0,15,0
2024-08-07T17:00:00Z,ARUQ17,Brant,1,20,23.44,0,15,0
2024-08-07T17:30:00Z,ARUQ17,Yellow Rail,1,17,22.94,0,15,0
2024-08-07T17:30:00Z,ARUQ17,Mallard,1,17,22.94,0,15,0
2024-08-07T17:30:00Z,ARUQ17,Northern Fulmar,1,17,22.94,0,15,0
2024-08-07T17:30:00Z,ARUQ17,Red-throated Loon,5,17,22.94,0,15,0
2024-08-07T18:00:00Z,ARUQ17,Common Redpoll,14,14,25.25,0,15,0
2024-08-07T18:00:00Z,ARUQ17,Yellow Rail,1,14,25.25,0,15,0
2024-08-07T18:00:00Z,ARUQ17,Dunlin,1,14,25.25,0,15,0
2024-08-07T18:30:00Z,ARUQ17,Lapland Longspur,2,13,26.12,0,15,0
2024-08-07T19:30:00Z,ARUQ17,Yellow Rail,2,13.5,28.94,0,15,0
2024-08-07T20:00:00Z,ARUQ17,Common Redpoll,1,15,28.75,0,15,0
2024-08-07T21:00:00Z,ARUQ17,American Tree Sparrow,1,15,29.06,0,15,0
2024-08-07T21:00:00Z,ARUQ17,Black-legged Kittiwake,23,15,29.06,0,15,0
2024-08-07T21:30:00Z,ARUQ17,Black-legged Kittiwake,1,18,29.75,0,15,0
2024-08-07T22:00:00Z,ARUQ17,Black Scoter,1,21,31.06,0,15,0
2024-08-07T22:30:00Z,ARUQ17,Red-throated Loon,2,21.5,23.25,0,15,0
2024-08-07T23:30:00Z,ARUQ17,Least Sandpiper,2,22.5,22.94,0,15,0
2024-08-07T23:30:00Z,ARUQ17,Western Sandpiper,1,22.5,22.94,0,15,0
2024-08-08T00:00:00Z,ARUQ17,Red-throated Loon,1,23,24.69,0,15,0
2024-08-08T00:00:00Z,ARUQ17,Tundra Swan,1,23,24.69,0,15,0
2024-08-08T00:00:00Z,ARUQ17,Yellow Rail,1,23,24.69,0,15,0
2024-08-08T00:30:00Z,ARUQ17,Yellow Rail,1,26,24.69,0,15,0
2024-08-08T04:30:00Z,ARUQ17,Yellow Rail,1,6.5,16.12,0,15,0
2024-08-08T04:30:00Z,ARUQ17,Common Redpoll,1,6.5,16.12,0,15,0
2024-08-08T05:00:00Z,ARUQ17,Common Redpoll,5,5,16.19,0,15,0
2024-08-08T05:00:00Z,ARUQ17,Red-throated Loon,2,5,16.19,0,15,0
2024-08-08T05:00:00Z,ARUQ17,Lapland Longspur,1,5,16.19,0,15,0
2024-08-08T05:30:00Z,ARUQ17,Common Redpoll,6,5.5,13,0,15,0
2024-08-08T05:30:00Z,ARUQ17,Greater White-fronted Goose,12,5.5,13,0,15,0
2024-08-08T06:00:00Z,ARUQ17,Common Redpoll,3,6,12.62,0,15,0
2024-08-08T06:00:00Z,ARUQ17,Red-throated Loon,9,6,12.62,0,15,0
2024-08-08T06:30:00Z,ARUQ17,Red-throated Loon,5,6,11.62,0,15,0
2024-08-08T06:30:00Z,ARUQ17,Common Redpoll,11,6,11.62,0,15,0
2024-08-08T07:00:00Z,ARUQ17,Common Redpoll,3,6,13.12,0,15,0
2024-08-08T07:00:00Z,ARUQ17,Black Scoter,3,6,13.12,0,15,0
2024-08-08T07:00:00Z,ARUQ17,Least Sandpiper,1,6,13.12,0,15,0
2024-08-08T07:30:00Z,ARUQ17,Common Redpoll,9,7,14.12,0,15,0
2024-08-08T07:30:00Z,ARUQ17,Red-throated Loon,1,7,14.12,0,15,0
2024-08-08T07:30:00Z,ARUQ17,Lapland Longspur,2,7,14.12,0,15,0
2024-08-08T08:00:00Z,ARUQ17,American Tree Sparrow,1,8,14.5,0,15,0
2024-08-08T08:00:00Z,ARUQ17,Golden-crowned Sparrow,1,8,14.5,0,15,0
2024-08-08T08:00:00Z,ARUQ17,Common Redpoll,8,8,14.5,0,15,0
2024-08-08T08:00:00Z,ARUQ17,Hoary Redpoll,1,8,14.5,0,15,0
2024-08-08T08:00:00Z,ARUQ17,Lapland Longspur,4,8,14.5,0,15,0
2024-08-08T08:00:00Z,ARUQ17,Sandhill Crane,1,8,14.5,0,15,0
2024-08-08T08:30:00Z,ARUQ17,Common Redpoll,16,22.5,14.12,0,15,0
2024-08-08T09:00:00Z,ARUQ17,American Tree Sparrow,1,37,13.62,0,15,0
2024-08-08T09:00:00Z,ARUQ17,Common Redpoll,8,37,13.62,0,15,0
2024-08-08T09:00:00Z,ARUQ17,Greater White-fronted Goose,1,37,13.62,0,15,0
2024-08-08T09:30:00Z,ARUQ17,Common Redpoll,16,36.5,14.12,0,15,0
2024-08-08T09:30:00Z,ARUQ17,Sandhill Crane,5,36.5,14.12,0,15,0
2024-08-08T09:30:00Z,ARUQ17,American Tree Sparrow,1,36.5,14.12,0,15,0
2024-08-08T09:30:00Z,ARUQ17,Hoary Redpoll,1,36.5,14.12,0,15,0
2024-08-08T10:00:00Z,ARUQ17,Sandhill Crane,6,36,14.12,0,15,0
2024-08-08T10:30:00Z,ARUQ17,Lapland Longspur,2,31,13.5,0,15,0
2024-08-08T11:00:00Z,ARUQ17,Lapland Longspur,2,26,13,0,15,0
2024-08-08T11:00:00Z,ARUQ17,American Tree Sparrow,2,26,13,0,15,0
2024-08-08T11:00:00Z,ARUQ17,Common Redpoll,4,26,13,0,15,0
2024-08-08T13:00:00Z,ARUQ17,American Tree Sparrow,1,15,13.81,0,15,0
2024-08-08T14:30:00Z,ARUQ17,Common Redpoll,2,14.5,19.5,0,15,0
2024-08-08T15:30:00Z,ARUQ17,American Tree Sparrow,6,11,19.75,0,15,0
2024-08-08T15:30:00Z,ARUQ17,Common Redpoll,1,11,19.75,0,15,0
2024-08-08T16:00:00Z,ARUQ17,American Tree Sparrow,5,10,22.25,0,15,0
2024-08-08T16:30:00Z,ARUQ17,American Tree Sparrow,5,9.5,21.12,0,15,0
2024-08-08T16:30:00Z,ARUQ17,Golden-crowned Sparrow,1,9.5,21.12,0,15,0
2024-08-08T17:00:00Z,ARUQ17,Red-throated Loon,7,9,17.38,0,15,0
2024-08-08T17:00:00Z,ARUQ17,American Tree Sparrow,3,9,17.38,0,15,0
2024-08-08T17:30:00Z,ARUQ17,Pomarine Jaeger,8,7.5,20.5,0,15,0
2024-08-08T17:30:00Z,ARUQ17,Sandhill Crane,1,7.5,20.5,0,15,0
2024-08-08T17:30:00Z,ARUQ17,Tundra Swan,2,7.5,20.5,0,15,0
2024-08-08T17:30:00Z,ARUQ17,Red-throated Loon,7,7.5,20.5,0,15,0
2024-08-08T17:30:00Z,ARUQ17,American Tree Sparrow,3,7.5,20.5,0,15,0
2024-08-08T17:30:00Z,ARUQ17,Golden-crowned Sparrow,1,7.5,20.5,0,15,0
